,City,Latitude,Longitude,Temperature,Humidity,Cloudiness,Windspeed,Country
0,Jumla,29.2747,82.1838,286.03,99,100,1.64,NP
1,Hobart,-42.8794,147.3294,283.08,63,75,0.45,AU
2,Bowen,-20.0167,148.2333,300.15,74,8,5.07,AU
3,Albany,42.6001,-73.9662,280.23,77,50,0.89,US
4,Pacifica,37.6138,-122.4869,288.79,72,40,1.79,US
5,Puerto Ayora,-0.7393,-90.3518,294.84,81,72,4.76,EC
6,Severo-Kuril'sk,50.6789,156.125,276.68,77,88,8.77,RU
7,Saint-Gilles,43.6766,4.4302,284.63,100,20,1.54,FR
8,Barrow,71.2906,-156.7887,266.16,73,75,3.6,US
9,Laguna,38.421,-121.4238,290.7,45,75,0.89,US
10,Ushuaia,-54.8,-68.3,279.96,61,40,10.8,AR
11,Polunochnoye,60.8697,60.4153,275.62,96,100,1.84,RU
12,Mahon,39.8885,4.2658,291.46,72,0,1.03,ES
13,Qaanaaq,77.484,-69.3632,270.46,66,100,6.17,GL
14,Portobelo,9.55,-79.65,298.4,88,100,1.69,PA
15,Simpang,-1.2667,104.0833,295.69,98,89,1.19,ID
16,Lokosovo,61.1333,74.8167,277.8,93,100,3.95,RU
17,Port Hardy,50.6996,-127.4199,284.25,66,75,3.09,CA
18,Usinsk,65.9939,57.5281,275.19,77,100,6.15,RU
19,Gazalkent,41.5581,69.7708,280.35,33,74,1.78,UZ
20,Dunmore East,52.1514,-6.9861,288.38,78,100,5.29,IE
21,Hithadhoo,-0.6,73.0833,300.61,74,93,3.43,MV
22,Talnakh,69.4865,88.3972,273.85,97,100,6.72,RU
23,Lorengau,-2.0226,147.2712,302.79,69,45,4.9,PG
24,Busselton,-33.65,115.3333,288.17,95,100,9.02,AU
25,Rikitea,-23.1203,-134.9692,297.33,71,18,9.0,PF
26,Kapaa,22.0752,-159.319,299.75,72,40,1.79,US
27,George Town,5.4112,100.3354,299.46,93,40,0.0,MY
28,Saskylakh,71.9167,114.0833,267.44,98,100,0.45,RU
29,Aberdeen,57.1437,-2.0981,286.35,98,56,5.66,GB
30,Longyearbyen,78.2186,15.6401,265.06,73,0,3.09,SJ
31,Punta Arenas,-53.15,-70.9167,282.21,61,20,9.26,CL
32,Port Blair,11.6667,92.75,300.0,85,99,3.76,IN
33,Mataura,-46.1927,168.8643,280.35,80,100,3.09,NZ
34,Hong Kong,22.2855,114.1577,296.55,79,88,0.45,HK
35,Thinadhoo,0.5333,72.9333,301.07,72,97,4.99,MV
36,Jacqueville,5.2052,-4.4146,300.1,85,99,5.72,CI
37,Sayyan,15.1718,44.3244,286.97,26,1,3.11,YE
38,Airai,-8.9266,125.4092,293.25,75,89,0.89,TL
39,Kudahuvadhoo,2.6708,72.8944,300.63,75,94,6.51,MV
40,Saint Paul Harbor,57.79,-152.4072,280.88,76,90,6.69,US
41,Marrakesh,31.6315,-8.0083,298.19,33,0,2.06,MA
42,Rawson,-43.3002,-65.1023,294.75,32,14,4.33,AR
43,Cape Town,-33.9258,18.4232,287.45,58,0,0.89,ZA
44,Yellowknife,62.456,-114.3525,273.11,88,75,3.09,CA
45,Vaini,-21.2,-175.2,299.24,78,20,5.14,TO
46,Hervey Bay,-25.2986,152.8535,297.21,78,33,3.5,AU
47,Srandakan,-7.9386,110.2506,289.67,85,72,1.51,ID
48,Hilo,19.7297,-155.09,298.55,74,90,2.06,US
49,Husavik,66.0449,-17.3389,276.1,99,100,9.82,IS
50,Villa del Rosario,7.8339,-72.4742,301.36,70,40,3.09,CO
51,Puerto Escondido,15.85,-97.0667,304.61,58,40,2.06,MX
52,Bethel,41.3712,-73.414,281.8,77,20,2.57,US
53,Kielce,50.8703,20.6275,282.47,89,100,2.52,PL
54,New Norfolk,-42.7826,147.0587,282.79,54,74,0.89,AU
55,Hermanus,-34.4187,19.2345,283.04,74,0,4.88,ZA
56,Priiskovyy,51.9333,116.6333,266.53,87,23,2.37,RU
57,Mar del Plata,-38.0023,-57.5575,286.26,21,0,1.34,AR
58,San Patricio,28.017,-97.5169,298.19,54,7,4.82,US
59,Lompoc,34.6391,-120.4579,290.29,58,1,9.26,US
60,Buchanan,5.8808,-10.0467,298.2,88,39,2.67,LR
61,Nishihara,26.1842,127.7558,297.74,74,75,3.6,JP
62,Port Augusta,-32.5,137.7667,294.65,36,0,4.72,AU
63,Dikson,73.5069,80.5464,271.34,97,100,9.89,RU
64,Bredasdorp,-34.5322,20.0403,282.75,80,0,1.54,ZA
65,Mahébourg,-20.4081,57.7,296.31,78,40,5.14,MU
66,Cockburn Town,21.4612,-71.1419,300.13,78,40,1.54,TC
67,Wanaka,-44.7,169.15,282.87,85,98,2.06,NZ
68,Kavieng,-2.5744,150.7967,302.75,69,21,6.06,PG
69,Kampot,10.6167,104.1833,297.18,90,92,1.83,KH
70,Norman Wells,65.282,-126.8329,270.17,86,75,4.12,CA
71,Ahipara,-35.1667,173.1667,291.83,62,36,1.78,NZ
72,Hamilton,39.1834,-84.5333,288.57,63,1,0.0,US
73,Port Alfred,-33.5906,26.891,286.25,71,6,3.57,ZA
74,Nolinsk,57.5596,49.9363,276.18,74,99,6.12,RU
75,Isangel,-19.55,169.2667,301.21,74,90,7.2,VU
76,Atar,20.5169,-13.0499,305.12,11,100,1.39,MR
77,Namatanai,-3.6667,152.4333,302.74,64,8,4.15,PG
78,El Salvador,13.8333,-88.9167,295.17,90,93,0.98,SV
79,Pemangkat,1.1667,108.9667,299.17,84,89,2.15,ID
80,Maryville,35.7565,-83.9705,287.73,72,0,1.05,US
81,Thompson,55.7435,-97.8558,279.24,75,75,5.14,CA
82,Half Moon Bay,37.4636,-122.4286,289.22,64,40,1.34,US
83,Kaitangata,-46.2817,169.8464,283.11,58,100,4.38,NZ
84,Tilichiki,60.4667,166.1,265.79,80,99,8.83,RU
85,Chui,-33.6971,-53.4616,285.76,89,22,3.15,UY
86,Meulaboh,4.1363,96.1285,298.32,85,99,1.59,ID
87,Médéa,36.2642,2.7539,283.4,78,8,1.25,DZ
88,Mackay,-21.15,149.2,301.51,71,5,3.17,AU
89,Sept-Îles,50.2001,-66.3821,282.08,97,90,2.24,CA
90,La Esperanza,14.8667,-91.5667,286.97,73,40,7.2,GT
91,Margate,51.3813,1.3862,289.02,94,100,0.89,GB
92,Klyuchi,52.2667,79.1667,277.24,59,19,2.34,RU
93,Nizwá,22.9333,57.5333,299.54,24,4,0.79,OM
94,Klaksvík,62.2266,-6.589,284.66,99,100,10.35,FO
95,Haapiti,-17.5667,-149.8667,303.0,76,100,7.29,PF
96,Tasiilaq,65.6145,-37.6368,273.24,46,96,3.51,GL
97,Moose Factory,51.2585,-80.6094,277.14,81,1,1.03,CA
98,Rome,43.2128,-75.4557,280.18,90,90,5.14,US
99,Quelimane,-17.8786,36.8883,297.11,88,10,2.82,MZ
100,Piravam,9.8667,76.5,297.14,96,100,0.76,IN
101,Hofn,64.2539,-15.2082,278.14,91,100,10.51,IS
102,Denpasar,-8.65,115.2167,299.66,83,20,2.57,ID
103,Saint-Philippe,-21.3585,55.7679,294.4,76,42,4.02,RE
104,Kupang,-10.1667,123.5833,301.47,83,20,1.03,ID
105,Vostok,46.4856,135.8833,268.9,84,92,1.02,RU
106,Ribeira Grande,38.5167,-28.7,293.9,71,16,8.75,PT
107,Lebu,-37.6167,-73.65,285.04,84,0,8.27,CL
108,Susanville,40.4163,-120.653,275.21,73,94,4.92,US
109,Itambé,-15.245,-40.6244,296.38,80,69,2.25,BR
110,Fuzhou,26.0614,119.3061,293.09,82,45,0.85,CN
111,Japura,-0.3167,102.35,296.36,98,100,1.09,ID
112,Walvis Bay,-22.9575,14.5053,286.68,94,100,5.66,NA
113,Bogorodskoye,56.55,37.8833,275.39,95,98,4.21,RU
114,Te Anau,-45.4167,167.7167,284.41,68,93,2.97,NZ
115,Guerrero Negro,27.9769,-114.0611,293.57,60,1,8.21,MX
116,Goulburn,-34.75,149.7167,284.59,62,27,2.8,AU
117,Jiuquan,39.7432,98.5174,279.15,29,100,1.28,CN
118,Chara,56.9064,118.2631,267.87,66,89,2.36,RU
119,Silikatnyy,53.9896,48.3275,277.77,78,100,4.34,RU
120,Mount Gambier,-37.8333,140.7667,286.42,61,23,3.55,AU
121,Sabzawār,36.2126,57.6819,288.88,36,0,2.15,IR
122,Karratha,-20.7377,116.8463,297.92,73,56,5.59,AU
123,Vila Franca do Campo,37.7167,-25.4333,294.38,81,15,5.34,PT
124,Khatanga,71.9667,102.5,272.36,98,100,5.5,RU
125,Bambous Virieux,-20.3428,57.7575,296.29,78,40,5.14,MU
126,Lavrentiya,65.5833,-171.0,270.73,72,100,6.38,RU
127,Carnarvon,-24.8667,113.6333,291.19,94,75,12.35,AU
128,Atikokan,48.7555,-91.6216,287.29,59,0,2.67,CA
129,Bathsheba,13.2167,-59.5167,299.49,83,20,2.57,BB
130,Caravelas,-17.7125,-39.2481,297.3,86,20,3.68,BR
131,Atuona,-9.8,-139.0333,298.49,78,34,8.91,PF
132,Constitución,-35.3333,-72.4167,287.78,73,6,5.38,CL
133,Pevek,69.7008,170.3133,262.62,82,100,2.03,RU
134,Tuktoyaktuk,69.4541,-133.0374,268.15,93,90,4.63,CA
135,Tazovsky,67.4667,78.7,274.92,90,100,5.34,RU
136,Egvekinot,66.3167,-179.1667,264.96,93,100,8.56,RU
137,São Filipe,14.8961,-24.4956,299.67,73,1,3.72,CV
138,Kruisfontein,-34.0033,24.7314,280.31,71,0,2.26,ZA
139,Katherine,-14.4667,132.2667,303.33,58,35,3.09,AU
140,Chokurdakh,70.6333,147.9167,247.65,100,91,2.26,RU
141,Nacala,-14.5428,40.6728,296.15,87,5,2.15,MZ
142,Dafeng,23.4517,108.5881,292.14,89,100,0.1,CN
143,Byron Bay,-28.65,153.6167,292.66,71,94,1.08,AU
144,Kieta,-6.2167,155.6333,302.68,67,38,2.1,PG
145,Avarua,-21.2078,-159.775,299.18,69,75,3.6,CK
146,Taoudenni,22.6783,-3.9836,301.68,12,67,5.2,ML
147,Ambilobe,-13.2,49.05,292.67,75,45,2.47,MG
148,Westerland,54.9079,8.3033,284.72,94,90,4.63,DE
149,Bouloupari,-21.8667,166.05,300.1,79,100,0.9,NC
150,Binzhou,37.3667,118.0167,283.51,59,34,6.97,CN
151,Tura,25.5198,90.2201,295.07,99,100,2.9,IN
152,Nikolskoye,59.7035,30.7861,276.31,88,48,2.61,RU
153,Ordu,40.9086,37.6845,280.43,94,99,0.94,TR
154,Esperance,-33.8667,121.9,293.26,56,100,5.5,AU
155,Kanniyākumāri,8.0833,77.5667,299.16,84,69,6.98,IN
156,Bengkulu,-3.8004,102.2655,296.25,93,100,2.06,ID
157,Harper,4.375,-7.7169,298.4,87,85,3.12,LR
158,San Jose,37.3394,-121.895,290.03,53,40,2.68,US
159,Cidreira,-30.1811,-50.2056,289.02,76,40,3.46,BR
160,Richards Bay,-28.783,32.0377,287.91,69,49,1.22,ZA
161,Ponta do Sol,32.6667,-17.1,295.68,25,88,1.44,PT
162,Inndyr,67.0338,14.0276,272.81,77,94,2.55,NO
163,Souillac,-20.5167,57.5167,296.36,78,40,5.14,MU
164,Piripiri,-4.2733,-41.7769,301.92,56,81,3.12,BR
165,Sibolga,1.7427,98.7792,297.82,91,100,0.82,ID
166,Manacapuru,-3.2997,-60.6206,299.47,74,54,2.1,BR
167,Bluff,-46.6,168.3333,282.87,47,95,11.06,NZ
168,Arlit,18.7369,7.3853,303.31,24,95,3.83,NE
169,Dunedin,-45.8742,170.5036,280.26,91,99,6.26,NZ
170,Tabas,33.5959,56.9244,294.02,17,0,0.32,IR
171,Port-Gentil,-0.7193,8.7815,299.13,83,75,5.14,GA
172,Toamasina,-18.1667,49.3833,291.15,94,20,1.03,MG
173,Tautira,-17.7333,-149.15,303.16,78,100,8.42,PF
174,Pakxan,18.3778,103.6601,294.46,84,100,1.27,LA
175,Butaritari,3.0707,172.7902,300.99,67,32,3.02,KI
176,Cape Canaveral,28.4058,-80.6048,296.59,62,1,2.06,US
177,Fortuna,40.5982,-124.1573,288.21,69,1,1.34,US
178,Lázaro Cárdenas,17.9583,-102.2,301.81,79,76,2.78,MX
179,Okha,53.5739,142.9478,271.27,71,55,9.08,RU
180,Gornopravdinsk,60.05,69.9,279.51,87,100,2.79,RU
181,Sumenep,-7.0167,113.8667,301.06,76,81,2.1,ID
182,Gilbués,-9.8317,-45.3439,302.5,37,95,0.67,BR
183,Ashland,40.8167,-82.2665,284.63,62,0,2.08,US
184,Artsvaberd,40.8336,45.4711,281.65,85,72,1.4,AM
185,Dąbrowa Górnicza,50.3182,19.2374,279.72,98,100,2.24,PL
186,Fort Nelson,58.8053,-122.7002,275.92,60,75,1.03,CA
187,Faanui,-16.4833,-151.75,299.89,78,99,7.21,PF
188,Mikun',62.3547,50.0771,273.05,84,100,1.64,RU
189,Cherskiy,68.75,161.3,254.44,98,36,4.3,RU
190,Llandrindod Wells,52.2416,-3.3787,287.21,96,100,3.27,GB
191,Ilo,-17.6394,-71.3375,289.49,83,58,2.22,PE
192,Nha Trang,12.25,109.1833,299.15,92,100,1.91,VN
193,Saldanha,-33.0117,17.9442,284.18,78,1,6.19,ZA
194,Khovd,48.0056,91.6419,273.11,60,23,0.31,MN
195,Osmanabad,18.1667,76.05,294.84,81,62,2.49,IN
196,Mtimbira,-8.7833,36.35,296.66,65,46,1.66,TZ
197,Bonnyville,54.2668,-110.735,277.96,60,100,4.39,CA
198,Kendari,-3.945,122.4989,300.14,80,76,0.75,ID
199,Pangnirtung,66.1451,-65.7125,271.82,71,100,0.38,CA
200,Port-Cartier,50.0334,-66.8654,281.9,95,75,4.07,CA
201,Necochea,-38.5473,-58.7368,286.5,80,5,5.16,AR
202,Lieksa,63.3167,30.0167,272.42,88,95,5.3,FI
203,Palauig,15.435,119.9045,300.32,72,21,1.89,PH
204,Turochak,52.2576,87.1224,274.12,91,2,0.97,RU
205,Sinnamary,5.3833,-52.95,300.07,81,100,4.98,GF
206,Mareeba,-17.0,145.4333,301.98,68,1,1.71,AU
207,Berlevåg,70.8578,29.0864,274.57,63,100,11.86,NO
208,Soe,-9.8607,124.284,297.43,70,85,0.78,ID
209,Torbay,47.6666,-52.7314,279.87,96,90,6.17,CA
210,Evensk,61.95,159.2333,263.26,58,100,5.35,RU
211,Gorontalo,0.5412,123.0595,299.46,87,93,0.73,ID
212,Shakiso,5.75,38.9167,287.91,82,84,1.52,ET
213,San Francisco,37.7749,-122.4194,289.06,72,40,1.34,US
214,Lucélia,-21.7203,-51.0189,294.09,81,54,4.81,BR
215,Krasnaya Gora,52.9995,31.6023,273.63,85,6,3.61,RU
216,Dimāpur,25.9,93.7333,295.77,94,100,1.12,IN
217,Buala,-8.145,159.5921,302.72,67,6,1.25,SB
218,Sterling,39.0062,-77.4286,287.05,60,1,1.34,US
219,Lingao,19.9103,109.6859,297.81,92,99,5.43,CN
220,Porangatu,-13.4408,-49.1486,296.98,84,99,2.42,BR
221,Nizhniy Kuranakh,58.8353,125.4869,271.47,95,100,4.53,RU
222,Jalu,29.0331,21.5482,294.21,38,29,5.18,LY
223,Ballina,-28.8667,153.5667,292.92,80,97,1.54,AU
224,Mopti,14.6667,-4.0,305.86,27,98,5.29,ML
225,Moerai,-22.4333,-151.3333,298.06,87,100,7.92,PF
226,Bor,56.3567,44.0669,273.11,86,5,3.63,RU
227,Castro,-24.7911,-50.0119,286.27,98,100,3.21,BR
228,Tual,-5.6667,132.75,301.91,75,75,4.76,ID
229,Gornyy,55.1153,83.9059,275.81,85,13,2.93,RU
230,Kommunisticheskiy,61.6789,64.4819,275.66,97,100,2.17,RU
231,Kirakira,-10.4544,161.9205,302.4,71,74,2.9,SB
232,Zhangaözen,43.3,52.8,285.36,22,37,2.34,KZ
233,Praia da Vitória,38.7333,-27.0667,292.29,82,20,5.63,PT
234,Gladstone,-23.85,151.25,297.11,69,78,2.06,AU
235,Winsum,53.33,6.5208,285.75,31,100,5.81,NL
236,Moses Lake,47.1301,-119.2781,292.72,34,1,2.06,US
237,Najrān,17.4924,44.1277,292.51,23,4,1.09,SA
238,Arman',59.7,150.1667,263.04,44,2,3.96,RU
239,Krasnosel'kup,65.7,82.4667,276.05,96,100,6.12,RU
240,Chapais,49.7834,-74.8492,276.03,96,100,4.29,CA
241,Māngrol,21.1167,70.1167,299.13,68,22,4.65,IN
242,Aksu,41.1231,80.2644,284.98,23,100,1.15,CN
243,Son La,21.3167,103.9,290.26,94,80,0.46,VN
244,Motygino,58.1831,94.7592,271.89,97,43,1.81,RU
245,Salalah,17.0151,54.0924,298.2,78,0,1.03,OM
246,San Cristobal,7.7669,-72.225,298.25,83,65,1.28,VE
247,Vila Velha,-20.3297,-40.2925,296.12,94,90,1.54,BR
248,Aranos,-24.1333,19.1167,287.4,10,90,5.7,NA
249,Iqaluit,63.7506,-68.5145,274.65,93,90,11.18,CA
250,Zabid,14.1951,43.3152,303.43,58,1,1.88,YE
251,Vao,-22.6667,167.4833,295.26,92,100,9.38,NC
252,Aykhal,66.0,111.5,273.11,95,97,8.18,RU
253,East London,-33.0153,27.9116,286.61,74,34,2.57,ZA
254,San Fernando,15.0286,120.6898,299.55,84,45,1.64,PH
255,Río Gallegos,-51.6226,-69.2181,286.18,35,0,8.23,AR
256,Tahe,52.3333,124.7333,266.58,74,71,1.77,CN
257,Ilulissat,69.2167,-51.1,272.16,27,8,10.29,GL
258,Rincon,32.296,-81.2354,289.45,69,40,0.0,US
259,Moa,20.6569,-74.9403,299.29,85,95,3.02,CU
260,Nuquí,5.7125,-77.2708,298.97,88,75,3.31,CO
261,Manokwari,-0.8667,134.0833,300.65,74,85,0.18,ID
262,Saint George,37.1041,-113.5841,285.55,50,40,15.95,US
263,Cedar City,37.6775,-113.0619,273.69,86,90,6.17,US
264,Winnemucca,40.973,-117.7357,277.18,93,90,2.57,US
265,Saint-Augustin,51.226,-58.6502,279.56,96,100,11.87,CA
266,Gisborne,-38.6533,178.0042,295.9,48,0,0.95,NZ
267,Thaba-Tseka,-29.522,28.6084,278.21,42,0,1.42,LS
268,São Miguel do Araguaia,-13.275,-50.1628,295.23,91,100,4.13,BR
269,Sorong,-0.8833,131.25,299.69,83,97,1.31,ID
270,Adzhamka,48.5424,32.5354,278.72,79,44,3.73,UA
271,Beatrice,40.2681,-96.747,294.12,32,1,5.14,US
272,Bridlington,54.0831,-0.1919,288.2,96,100,4.34,GB
273,Waipawa,-41.4122,175.5153,287.3,51,9,6.98,NZ
274,Arraial do Cabo,-22.9661,-42.0278,293.59,92,100,6.64,BR
275,Itajobi,-21.3181,-49.0544,298.59,79,52,5.79,BR
276,Drabiv,49.963,32.1529,278.96,86,96,3.52,UA
277,Zhezkazgan,47.8043,67.7144,279.79,37,7,3.94,KZ
278,Shubarkuduk,49.1447,56.4872,283.01,32,100,3.9,KZ
279,Nyanza,-2.3519,29.7509,289.61,93,100,1.11,RW
280,Ancud,-41.8697,-73.8203,288.89,91,13,2.45,CL
281,Northam,51.0333,-4.2167,289.25,96,100,3.4,GB
282,Sur,22.5667,59.5289,300.42,44,4,3.68,OM
283,Udaipur,24.5712,73.6918,294.07,27,2,1.91,IN
284,Peleduy,59.6289,112.7406,272.59,81,100,3.89,RU
285,Leningradskiy,69.3833,178.4167,260.55,87,100,2.15,RU
286,Tiksi,71.6872,128.8694,264.86,87,100,5.29,RU
287,Tupã,-21.9347,-50.5136,292.67,84,50,4.81,BR
288,Tygda,53.1167,126.3333,268.15,59,84,1.93,RU
289,San Vicente,-26.6167,-54.1333,289.38,80,19,2.4,AR
290,Jamestown,42.097,-79.2353,282.83,67,1,1.34,US
291,Oriximiná,-1.7656,-55.8661,298.34,86,77,1.1,BR
292,Clyde River,70.4692,-68.5914,273.28,93,90,10.29,CA
293,Samarai,-10.6167,150.6667,301.68,73,80,3.56,PG
294,Artvin Province,41.1667,41.8333,283.75,97,93,1.57,TR
295,Yambio,4.5721,28.3955,292.28,98,100,2.09,SS
296,Oistins,13.0667,-59.5333,299.2,83,20,2.57,BB
297,Betioky,-23.7167,44.3833,294.33,79,53,3.63,MG
298,Øksfjord,70.2396,22.3479,273.17,76,100,4.17,NO
299,Oktyabr'skiy,54.4815,53.471,281.79,83,100,5.18,RU
300,Mhlambanyatsi,-26.45,31.0167,280.16,92,100,1.78,SZ
301,Bud,39.447,-86.1758,288.34,74,0,2.27,US
302,Betsiamites,48.9413,-68.646,281.9,88,100,6.61,CA
303,Cabo San Lucas,22.8909,-109.9124,302.24,64,40,3.13,MX
304,Jasper,37.2001,-94.3502,292.74,47,1,4.63,US
305,Chernyshevskiy,63.0128,112.4714,272.66,95,100,3.58,RU
306,Charters Towers,-20.1,146.2667,302.36,40,0,2.28,AU
307,Mahibadhoo,3.7833,72.9667,300.79,74,96,6.17,MV
308,Aste,45.7906,11.0961,279.67,92,87,0.87,IT
309,Tateyama,34.9833,139.8667,286.79,90,100,7.29,JP
310,Lagoa Seca,-7.1708,-35.8536,294.04,85,75,4.92,BR
311,Searcy,35.2506,-91.7363,291.57,50,1,2.24,US
312,Lahaina,20.8783,-156.6825,300.96,75,9,3.16,US
313,Nouadhibou,20.931,-17.0347,295.14,78,4,2.06,MR
314,Snåase,64.2457,12.3778,273.57,82,100,2.07,NO
315,Katsuura,35.1333,140.3,287.1,89,100,5.82,JP
316,Lüderitz,-26.6481,15.1594,294.73,27,84,6.11,NA
317,Lagoa,39.05,-27.9833,293.21,72,2,9.59,PT
318,Buan,5.1608,120.0426,300.4,82,100,1.26,PH
319,Manaure,11.7751,-72.4445,302.41,77,20,5.15,CO
320,Capitán Bado,-23.2667,-55.5333,291.89,84,98,2.5,PY
321,Hatfield,51.7634,-0.2242,289.13,97,90,4.63,GB
322,Trelew,-43.249,-65.3051,296.58,26,20,5.15,AR
323,Santa Ana Xalmimilulco,19.2167,-98.3833,293.25,49,75,1.54,MX
324,Kuusankoski,60.907,26.6244,274.49,88,75,2.24,FI
325,Kasempa,-13.4584,25.8338,296.27,47,97,0.83,ZM
326,Tabuk,17.4189,121.4443,297.27,90,80,0.55,PH
327,Buraidah,26.326,43.975,295.4,23,0,4.27,SA
328,Wanning,18.8003,110.3967,298.56,91,89,3.82,CN
329,Aktobe,50.2797,57.2072,276.2,48,0,1.0,KZ
330,Henties Bay,-22.116,14.2845,287.51,74,100,3.55,NA
331,El Campo,29.1966,-96.2697,296.41,43,1,2.06,US
332,Upernavik,72.7868,-56.1549,271.34,47,100,2.53,GL
333,Colares,38.7992,-9.4469,292.71,73,92,0.89,PT
334,Patiya,22.2931,91.9762,296.78,94,99,1.35,BD
335,Talaya,61.3833,152.75,253.5,94,100,1.98,RU
336,Biak,-0.9131,122.8766,299.2,81,71,0.88,ID
337,Lata,40.1629,-8.3327,290.07,82,83,1.3,PT
338,Tulun,54.5611,100.5792,272.37,85,5,1.03,RU
339,Aljezur,37.3191,-8.8033,293.33,79,80,1.75,PT
340,Paulista,-7.9408,-34.8731,300.07,75,99,3.46,BR
341,Acapulco de Juárez,16.8634,-99.8901,303.05,74,75,3.6,MX
342,Pochutla,15.7432,-96.4661,301.21,72,99,2.37,MX
343,Faya,18.3851,42.4509,287.44,26,6,2.98,SA
344,Ixtapa,20.7,-105.2,304.72,66,75,4.63,MX
345,Ruidoso,33.3317,-105.673,292.02,27,1,0.89,US
346,Christchurch,-43.5333,172.6333,294.26,30,80,6.17,NZ
347,Morón,-34.6534,-58.6198,289.35,67,2,2.24,AR
348,Presidencia Roque Sáenz Peña,-26.7852,-60.4388,293.19,31,1,2.93,AR
349,Santa Cruz de La Palma,28.6835,-17.7642,299.23,27,0,3.09,ES
350,Pacific Grove,36.6177,-121.9166,288.43,68,1,0.89,US
351,Florø,61.5996,5.0328,278.13,75,90,6.17,NO
352,Kapit,2.0167,112.9333,296.69,99,91,0.46,MY
353,Mumford,5.2618,-0.759,298.31,88,100,4.12,GH
354,Vrangel',42.7297,133.0839,277.54,77,100,6.29,RU
355,Lodi,38.1302,-121.2725,290.85,47,86,0.89,US
356,Moramanga,-18.9333,48.2,285.6,98,22,0.69,MG
357,Pitiquito,30.7,-112.0833,301.03,21,0,8.28,MX
358,Esim,4.8699,-2.2405,298.7,85,100,3.12,GH
359,Salym,60.0625,71.4789,279.29,87,100,2.71,RU
360,Collingwood,44.4834,-80.2164,281.9,67,67,2.06,CA
361,Waingapu,-9.6567,120.2641,301.3,72,77,1.24,ID
362,Tall Kayf,37.0833,41.0667,291.11,52,22,1.7,TR
363,Kudat,6.8837,116.8477,299.11,94,20,1.03,MY
364,Oxford,51.7522,-1.256,289.09,99,75,2.57,GB
365,Honiara,-9.4333,159.95,302.89,69,3,1.05,SB
366,Yerbogachën,61.2767,108.0108,272.7,92,100,2.8,RU
367,Zyryanka,65.75,150.85,258.5,82,90,3.88,RU
368,Saint-Pierre,-21.3393,55.4781,294.38,69,0,3.09,RE
369,Umm Kaddadah,13.6017,26.6876,303.36,17,1,6.23,SD
370,Saint-Louis,16.3333,-15.0,303.95,35,100,4.94,SN
371,Kaeo,-35.1,173.7833,293.89,78,32,2.42,NZ
372,Haines Junction,60.7522,-137.5108,273.12,55,98,0.0,CA
373,Ibrā’,22.6906,58.5334,297.63,44,2,0.69,OM
374,Hambantota,6.1241,81.1185,299.52,80,99,7.58,LK
375,Mombetsu,44.3525,143.3525,279.39,61,66,3.22,JP
376,Yarmouth,41.7057,-70.2286,285.79,60,90,12.52,US
377,Portland,45.5234,-122.6762,287.03,63,75,0.45,US
378,Burgeo,47.6167,-57.6152,284.37,96,100,12.33,CA
379,Taltal,-25.4,-70.4833,289.04,71,23,1.97,CL
380,Surskoye,54.4821,46.7214,275.88,81,70,2.39,RU
381,Geraldton,-28.7667,114.6,290.38,88,75,8.75,AU
382,Itaguaí,-22.8522,-43.7753,293.14,94,90,1.03,BR
383,Prince Rupert,54.3161,-130.3201,282.98,57,98,6.69,CA
384,Jacareacanga,-6.2222,-57.7528,296.49,88,95,0.54,BR
385,Huambo,-12.7761,15.7392,291.4,73,87,1.45,AO
386,Severnyy,50.677,36.5532,279.17,87,75,4.0,RU
387,La Ronge,55.1001,-105.2842,278.29,65,75,4.12,CA
388,Alihe,50.5667,123.7167,269.47,70,25,1.46,CN
389,Roald,62.5833,6.1333,279.85,53,90,6.17,NO
390,Bundaberg,-24.85,152.35,297.31,57,19,1.03,AU
391,Laas,46.6166,10.7002,282.6,56,99,0.86,IT
392,Wagar,16.1525,36.2032,301.85,31,4,2.81,SD
393,Kangāvar,34.5043,47.9653,283.78,53,0,1.84,IR
394,Mehamn,71.0357,27.8492,274.03,63,100,9.92,NO
395,Vitim,59.4511,112.5578,272.65,76,100,3.88,RU
396,Grindavik,63.8424,-22.4338,280.41,87,0,9.26,IS
397,Korla,41.7597,86.1469,284.15,30,88,2.94,CN
398,Yepifan',53.8253,38.5518,274.83,83,30,3.77,RU
399,Nicoya,10.1483,-85.452,295.9,91,72,2.31,CR
400,Dossor,47.5272,52.9811,286.64,71,99,3.4,KZ
401,Belyy Yar,53.6039,91.3903,266.09,93,11,1.0,RU
402,Mitú,1.1983,-70.1733,299.74,72,97,0.98,CO
403,Teya,60.3778,92.6267,275.04,98,100,1.81,RU
404,Westport,41.1415,-73.3579,283.07,83,1,0.45,US
405,Ostrovnoy,68.0531,39.5131,276.3,77,100,13.36,RU
406,Shibukawa,36.4833,139.0,284.35,73,100,1.79,JP
407,Islāmpur,26.2667,88.2,295.67,98,100,6.52,IN
408,Cururupu,-1.8283,-44.8683,297.87,89,46,1.37,BR
409,Doha,25.2867,51.5333,302.12,53,0,5.14,QA
410,Samarkand,39.6542,66.9597,282.83,53,15,2.06,UZ
411,Bariloche,-41.1456,-71.3082,290.01,39,20,6.17,AR
412,Porto Walter,-8.2686,-72.7439,299.84,69,99,1.07,BR
413,Magrath,49.4167,-112.8686,282.29,57,93,4.63,CA
414,Sampit,-2.5333,112.95,297.5,96,99,0.91,ID
415,Mongo,12.1844,18.693,302.07,45,26,2.47,TD
416,Hobyo,5.3505,48.5268,299.07,85,40,7.08,SO
417,Addis Ababa,9.025,38.7469,283.13,46,33,2.59,ET
418,Abhā,18.2164,42.5053,287.29,21,0,0.0,SA
419,Porto-Novo,6.4965,2.6036,299.05,92,99,1.19,BJ
420,Tuatapere,-46.1333,167.6833,282.5,62,96,6.26,NZ
421,Rio Grande,-32.035,-52.0986,288.68,71,0,3.23,BR
422,Diphu,25.8333,93.4333,295.82,99,100,0.3,IN
423,Narsaq,60.9167,-46.05,274.27,40,79,2.21,GL
424,Khandyga,62.6667,135.6,255.38,88,61,1.45,RU
425,Anito,12.4497,125.2886,300.79,87,87,2.24,PH
426,Adrar,20.5022,-10.0711,301.31,14,99,4.44,MR
427,Riyadh,24.6877,46.7219,296.23,21,2,1.62,SA
428,Kardamena,36.7814,27.1425,291.86,72,20,5.14,GR
429,Shingū,33.7333,135.9833,290.7,94,100,3.6,JP
430,Panshi,42.9422,126.0561,271.38,56,0,2.4,CN
431,Dukat,62.55,155.55,253.92,95,100,2.25,RU
432,Bilibino,68.0546,166.4372,258.81,93,100,3.46,RU
433,Plouzané,48.3833,-4.6167,290.23,100,90,8.23,FR
434,Marsaxlokk,35.8419,14.5431,290.49,88,40,1.03,MT
435,Koumac,-20.5667,164.2833,299.69,71,100,2.03,NC
436,Cervo,43.6702,-7.4101,290.7,80,63,2.14,ES
437,Hondomachi-hondo,32.45,130.2,290.9,58,87,2.27,JP
438,Béziers,43.3476,3.219,286.39,100,90,1.54,FR
439,Kumul,42.8,93.45,283.89,26,84,1.32,CN
440,College,64.8569,-147.8028,274.09,59,40,0.0,US
441,Mkushi,-13.6202,29.3939,295.65,50,20,5.68,ZM
442,Fairbanks,64.8378,-147.7164,274.06,59,20,1.54,US
443,Porto Torres,40.835,8.3972,283.25,68,26,2.18,IT
444,Codrington,-38.2667,141.9667,286.24,65,59,6.47,AU
445,Tinskoy,56.1525,96.9161,272.6,93,68,2.33,RU
446,Barra Patuca,15.8,-84.2833,299.16,86,100,3.85,HN
447,Manavgat,36.7867,31.4431,290.38,48,55,2.55,TR
448,Ucluelet,48.9329,-125.5528,284.7,84,91,3.54,CA
449,Dingle,10.9995,122.6711,300.93,85,61,3.66,PH
450,Sisimiut,66.9395,-53.6735,270.97,44,1,7.48,GL
451,Mosquera,4.7059,-74.2302,288.2,72,40,2.06,CO
452,Pontes e Lacerda,-15.2261,-59.3353,295.09,96,94,0.91,BR
453,Erenhot,43.6475,111.9767,273.11,42,0,1.91,CN
454,Metsavan,41.2016,44.2288,279.84,76,23,1.73,AM
455,Batagay,67.6333,134.6333,256.15,84,100,1.64,RU
456,Toro,4.6117,-76.0814,297.53,96,70,1.74,CO
457,Chiredzi,-21.05,31.6667,289.28,85,100,4.15,ZW
458,Broken Hill,-31.95,141.4333,289.99,48,0,7.72,AU
459,Nanortalik,60.1432,-45.2371,272.76,60,90,5.35,GL
460,Palana,59.1167,159.9667,269.07,67,100,11.09,RU
461,Port Lincoln,-34.7333,135.8667,289.37,69,1,9.0,AU
462,Yabēlo,4.8833,38.0833,290.53,66,97,3.91,ET
463,San Policarpo,12.1791,125.5072,301.91,80,81,2.72,PH
464,Beira,-19.8436,34.8389,296.39,82,93,8.69,MZ
465,Vera Cruz,-12.6333,-41.0333,297.38,59,98,5.48,BR
466,Noyabrsk,63.1994,75.4507,275.8,93,94,5.95,RU
467,Rehli,23.6333,79.0833,294.76,96,58,3.6,IN
468,Andenes,69.3143,16.1194,273.14,93,100,4.63,NO
469,Ponta Delgada,37.7333,-25.6667,294.55,78,20,6.69,PT
470,Jiangyou,31.7667,104.7167,286.73,85,72,0.8,CN
471,Usoke,-5.1667,32.35,294.93,70,100,1.09,TZ
472,Berasia,23.6333,77.4333,293.52,95,6,2.94,IN
473,Umluj,25.0213,37.2685,299.71,53,0,6.94,SA
474,Thames,-37.1333,175.5333,293.71,52,82,2.74,NZ
475,Vanavara,60.34,102.2797,271.82,97,100,2.31,RU
476,Petropavlovsk-Kamchatskiy,53.0452,158.6483,275.48,52,75,6.0,RU
477,Wasilla,61.5814,-149.4394,278.34,55,20,1.54,US
478,Langen,49.9933,8.6728,279.79,90,0,1.03,DE
479,Yaan,7.3833,8.5667,295.45,88,100,2.08,NG
480,Inhambane,-23.865,35.3833,293.56,67,100,7.47,MZ
481,Balyqshy,47.0667,51.8667,284.15,93,40,2.0,KZ
482,Imeni Zhelyabova,58.9544,36.5956,275.32,77,99,3.47,RU
483,Beringovskiy,63.05,179.3167,274.28,93,52,1.75,RU
484,Kantang,7.4054,99.5156,298.2,100,40,1.03,TH
485,Rio Claro,-22.4114,-47.5614,293.53,87,94,3.76,BR
486,Pallasovka,50.05,46.8833,279.45,71,37,2.93,RU
487,Vardø,70.3705,31.1107,275.48,59,99,12.24,NO
488,Port Elizabeth,-33.918,25.5701,284.31,87,0,3.09,ZA
489,Alta Floresta,-9.8756,-56.0861,295.07,98,100,2.15,BR
490,Yumen,40.2833,97.2,278.76,27,100,4.85,CN
491,Kongolo,-5.3833,27.0,293.74,96,100,1.47,CD
492,Ures,29.4333,-110.4,300.88,38,0,6.14,MX
493,Marzuq,14.4,46.4667,295.99,56,5,0.58,YE
494,Matagami,49.7502,-77.6328,277.21,87,90,3.09,CA
495,Nioaque,-21.1353,-55.83,294.91,82,78,1.99,BR
496,Kiunga,-6.1219,141.2906,300.03,83,100,1.1,PG
497,Takoradze,4.8845,-1.7554,298.08,88,98,3.5,GH
498,Vinnytsia,49.2328,28.481,280.23,81,99,4.42,UA
499,Southbridge,42.0751,-72.0334,282.15,76,57,0.89,US
500,Leh,34.1667,77.5833,274.93,81,92,1.19,IN
501,Virginia Beach,36.8529,-75.978,289.58,52,1,3.09,US
502,Erzurum Province,40.0,41.5,279.97,75,43,1.96,TR
503,Comodoro Rivadavia,-45.8667,-67.5,297.07,20,0,5.66,AR
504,Gamba,-2.65,10.0,297.37,85,100,3.45,GA
505,Bubaque,11.2833,-15.8333,301.63,73,19,4.47,GW
506,Thunder Bay,48.4001,-89.3168,287.62,41,20,2.57,CA
507,Chivay,-15.6383,-71.6011,284.46,42,23,3.62,PE
508,Jaisalmer,26.9147,70.9181,299.23,21,0,0.98,IN
509,Senno,59.5336,33.9167,275.04,91,100,3.04,RU
510,Biltine,14.5333,20.9167,301.89,18,8,3.99,TD
511,Ossora,59.2353,163.0719,269.89,67,99,3.18,RU
512,Kiryat Gat,31.61,34.7642,291.28,100,8,1.38,IL
513,Turukhansk,65.8167,87.9833,275.72,95,100,7.07,RU
514,El Alto,-4.2714,-81.2147,289.96,85,95,6.37,PE
515,Ayacucho,-13.1583,-74.2239,295.07,37,0,1.03,PE
516,Neiafu,-18.65,-173.9833,300.53,74,75,4.63,TO
517,Seydi,39.4816,62.9137,285.88,24,19,1.61,TM
518,Nālūt,30.3333,10.85,292.66,55,92,7.58,LY
519,Znamenskoye,57.1281,73.8282,278.91,82,100,2.85,RU
520,Coahuayana Viejo,18.7333,-103.6833,303.86,80,8,1.65,MX
521,Naze,28.3667,129.4833,292.66,89,98,4.05,JP
522,Manggar,-2.8833,108.2667,299.76,82,100,1.31,ID
523,Lydenburg,-25.0978,30.4597,284.48,86,100,1.46,ZA
524,Muzhi,65.3667,64.6667,273.2,87,16,3.5,RU
525,Olafsvik,64.8945,-23.7142,277.87,93,100,19.33,IS
526,Vestmannaeyjar,63.4427,-20.2734,282.04,77,100,6.01,IS
527,Urubichá,-15.3833,-62.95,299.06,45,88,2.74,BO
528,Lagunillas,10.1301,-71.2595,299.66,84,86,2.66,VE
529,Moroni,-11.7022,43.2551,297.32,78,74,2.54,KM
530,Homer,59.6425,-151.5483,281.28,67,90,2.57,US
531,Pisco,-13.7,-76.2167,291.18,77,0,3.6,PE
532,‘Āhuimanu,21.4447,-157.8378,301.13,57,20,5.66,US
533,Tororo,0.693,34.1809,291.5,87,81,1.52,UG
534,La Sarre,48.8002,-79.1996,277.17,79,98,2.7,CA
535,Katangli,51.7102,143.2326,270.77,66,48,3.4,RU
536,Bilma,18.6853,12.9164,301.78,15,97,3.01,NE
537,Taunggyi,20.7833,97.0333,288.96,95,93,1.05,MM
538,Smithers,54.7804,-127.1743,278.33,52,90,3.6,CA
539,Wonthaggi,-38.6044,145.5913,287.38,71,34,6.13,AU
540,Ust'-Kut,56.7938,105.7672,272.46,66,99,1.84,RU
541,Barcelos,41.5388,-8.6151,292.43,88,58,1.44,PT
542,Novozaimka,56.4857,66.9241,281.59,53,100,5.56,RU
543,Yulara,-25.2406,130.9889,303.06,16,94,3.09,AU
544,Vidim,56.4088,103.1106,271.12,96,57,1.92,RU
545,Ridgecrest,35.6225,-117.6709,291.64,19,20,0.45,US
546,Miyako,39.6367,141.9525,286.71,64,100,3.97,JP
547,Provideniya,64.3833,-173.3,271.21,74,90,7.0,RU
548,Aklavik,68.2191,-135.0107,267.61,75,100,1.38,CA
549,Labuhan,-6.8844,112.2051,301.46,73,99,2.44,ID
550,Paso de Carrasco,-34.8603,-56.0522,287.23,67,20,3.09,UY
551,Jieshi,22.8134,115.8257,295.34,78,81,3.35,CN
552,Nantucket,41.2835,-70.0995,286.79,53,75,3.09,US
553,Avera,33.194,-82.5271,288.66,44,19,0.52,US
554,Liepāja,56.5419,21.0367,273.14,93,20,0.51,LV
555,Puerto Madryn,-42.7692,-65.0385,294.72,32,12,5.58,AR
556,Partyzany,46.3314,34.7503,281.27,61,94,4.43,UA
557,Shache,38.4167,77.2406,282.34,22,41,2.09,CN
558,Narón,43.5167,-8.1528,291.45,91,72,2.46,ES
559,Mildura,-34.2,142.15,288.13,55,0,5.66,AU
560,Meïganga,6.5167,14.3,292.58,93,91,1.11,CM
561,Weatherford,32.7593,-97.7972,294.02,47,53,0.45,US
562,Shurugwi,-19.6702,30.0059,284.19,96,100,4.09,ZW
563,Banjar,-8.19,114.9675,299.77,69,99,0.24,ID
564,Anadyr,64.75,177.4833,273.15,100,75,15.65,RU
565,Coquimbo,-29.9533,-71.3436,287.71,81,8,1.03,CL
566,Bulgan,48.8125,103.5347,272.72,48,16,1.01,MN
567,Manta,-0.95,-80.7333,297.03,83,90,5.14,EC
568,Batagay-Alyta,67.8006,130.4114,257.63,77,100,1.06,RU
569,Abu Samrah,35.3029,37.1841,289.73,79,16,3.3,SY
570,Asău,46.4333,26.4,280.46,72,67,1.64,RO
571,Belmonte,-15.8631,-38.8828,299.43,85,92,4.35,BR
572,Sangar,63.9242,127.4739,261.41,83,97,3.07,RU
573,Perevolotskiy,51.8763,54.1938,283.06,73,100,6.1,RU
574,Cayenne,4.9333,-52.3333,300.42,82,75,1.03,GF
575,Dudinka,69.4058,86.1778,273.97,93,100,7.18,RU
576,Changqing,36.5575,116.7272,284.66,75,45,6.03,CN
